label,decode_tok_s,read_tok_s,decode_at_12k_tok_s,read_47k_tok_s,decode_47k_tok_s,validated,read_chunk,cache_slots_borrowed,expert_cache_slots,vram_free
E0-new2,31.6,247.8,34.7,,,,,,,
E0-new,31.4,248.1,34.9,,,,,,,
E0-old,29.9,336.9,33.2,,,,,,,
E1-ring16,31.1,371.4,34.6,,,,2048,659,793,481MiB
E1-ring96,31.3,259.1,35.2,,,,1024,511,793,481MiB
E1-sm2048,31.6,370.5,35.1,,,,1024,397,793,481MiB
E1-vocab-en,32.8,248.7,34.7,,,,512,273,860,481MiB
E2-ring16-kvres20,32.9,372.0,33.4,,,,2048,661,884,479MiB
E2-ring16-lend95,31.1,371.5,34.5,,,,2048,659,793,481MiB
E2-ring16-pf4096,31.5,370.4,34.8,,,,4096->2048,659,793,481MiB
E2-vocaben-kv20-r16,33.1,373.0,33.0,,,,2048,661,951,479MiB
E2-vocaben-ring16,32.8,372.4,35.2,,,,2048,662,860,481MiB
E2-vocaben-sm2048,32.5,371.8,35.8,,,,1024,398,860,481MiB
E3-d1-mp07-pf02,35.5,371.2,39.6,,,,2048,662,860,481MiB
E3-d2-mp08-pf02,38.4,372.0,37.8,,,,2048,662,860,481MiB
E3-d3-mp09-pf02,37.2,371.4,38.2,,,,2048,662,860,481MiB
E3-d4-mp07-pf01,38.7,371.7,37.7,,,,2048,662,860,481MiB
E3-d5-spec3,38.0,371.4,37.9,,,,2048,662,862,485MiB
E3-d6-spec6,36.8,371.1,34.9,,,,2048,661,859,469MiB
E3-v-kv20-res400,33.6,458.3,35.8,,,,3072,912,1126,179MiB
E3-v-kv20-res500,34.5,459.9,35.5,,,,3072,915,1069,279MiB
E4-fb-mp07-pf01,36.2,458.1,35.3,475,36.3,yes,3072,915,1069,279MiB
E4-fb-mp07-pf02,38.4,457.6,35.9,475,36.4,yes,3072,915,1069,279MiB
E4-fb-mp08-pf01,37.0,459.2,37.0,475,35.1,yes,3072,915,1069,279MiB
E4-fb-mp08-pf02,39.2,459.9,37.9,476,37.5,yes,3072,915,1069,279MiB
E4-ref-old,31.0,336.8,31.2,321,30.2,yes,1024,354,642,293MiB
E4-ref-v16,32.7,370.0,32.8,377,34.4,yes,2048,662,860,481MiB
